<?xml version='1.0' encoding='UTF-8'?>
<ksdk:manifest xmlns:ksdk="http://nxp.com/ksdk/2.0/ksdk_manifest_v3.0.xsd" xmlns:xsi="http://www.w3.org/2001/XMLSchema-instance" xsi:schemaLocation="http://nxp.com/ksdk/2.0/ksdk_manifest_v3.0.xsd http://nxp.com/mcuxpresso/sdk/sdk_manifest_v3.2.xsd" format_version="3.2" api_version="2.0.0" name="SDK version 2.3.0 package for EVK-MIMX8MQ board" brief="This is SDK version 2.3.0 manifest file. It describes the content of the SDK version 2.3.0 package for EVK-MIMX8MQ board and additional settings for tools that support SDK version 2.3.0" id="SDK_2.x_EVK-MIMX8MQ" configuration="39b0db1977dc9c7d07a4855e7692c44e">
  <defines>
    <define name="CPU_$|package|" value=""/>
    <define name="CPU_$|package|_$|core|" value=""/>
  </defines>
  <ksdk id="KSDK230" name="KSDK230" version="2.3.0"/>
  <compilers>
    <compiler id="compiler_iar" type="iar" name="iar"/>
  </compilers>
  <toolchainSettings/>
  <toolchains>
    <toolchain id="iar" name="IAR_Embedded_Workbench_for_ARM" full_name="IAR Embedded Workbench for ARM" type="iar" compiler="compiler_iar" version="8.20.2" vendor="IAR Systems" vendor_url="http://www.iar.com"/>
  </toolchains>
  <boards>
    <board id="evkmimx8mq" name="EVK-MIMX8MQ" package="MIMX8MQ6DVAJZ" version="1.0.0" href="http://www.nxp.com/iMX8M">
      <description>The evkmimx8mq is an development platform for MIMX8MQ5, MIMX8MQ6, MIMX8MQ7,MIMX8MD6, MIMX8MD7 MCUs</description>
      <image type="image" path="docs/images">
        <files mask="EVK-MIMX8MQ.gif"/>
      </image>
      <metadataSet>
        <metadata key="vendor" value="NXP"/>
        <metadata key="html">
          <specific>
            <content>
The i.MX 8MQuad family of boards provides a powerful and flexible development system for NXP®'s Cortex-M4 MCUs. 
        </content>
          </specific>
        </metadata>
      </metadataSet>
      <examples>
        <example id="evkmimx8mq_cmsis_ecspi_int_loopback_transfer" name="cmsis_ecspi_int_loopback_transfer" category="cmsis_driver_examples/ecspi" path="boards/evkmimx8mq/cmsis_driver_examples/ecspi/int_loopback_transfer" toolchain="iar">
          <external path="boards/evkmimx8mq/cmsis_driver_examples/ecspi/int_loopback_transfer" type="xml">
            <files mask="cmsis_ecspi_int_loopback_transfer.xml"/>
          </external>
        </example>
        <example id="evkmimx8mq_cmsis_ii2c_int_b2b_transfer_master" name="cmsis_ii2c_int_b2b_transfer_master" category="cmsis_driver_examples/i2c" path="boards/evkmimx8mq/cmsis_driver_examples/i2c/int_b2b_transfer/master" toolchain="iar">
          <external path="boards/evkmimx8mq/cmsis_driver_examples/i2c/int_b2b_transfer/master" type="xml">
            <files mask="cmsis_ii2c_int_b2b_transfer_master.xml"/>
          </external>
        </example>
        <example id="evkmimx8mq_cmsis_ii2c_int_b2b_transfer_slave" name="cmsis_ii2c_int_b2b_transfer_slave" category="cmsis_driver_examples/i2c" path="boards/evkmimx8mq/cmsis_driver_examples/i2c/int_b2b_transfer/slave" toolchain="iar">
          <external path="boards/evkmimx8mq/cmsis_driver_examples/i2c/int_b2b_transfer/slave" type="xml">
            <files mask="cmsis_ii2c_int_b2b_transfer_slave.xml"/>
          </external>
        </example>
        <example id="evkmimx8mq_cmsis_iuart_interrupt_transfer" name="cmsis_iuart_interrupt_transfer" category="cmsis_driver_examples/uart" path="boards/evkmimx8mq/cmsis_driver_examples/uart/interrupt_transfer" toolchain="iar">
          <external path="boards/evkmimx8mq/cmsis_driver_examples/uart/interrupt_transfer" type="xml">
            <files mask="cmsis_iuart_interrupt_transfer.xml"/>
          </external>
        </example>
        <example id="evkmimx8mq_hello_world" name="hello_world" category="demo_apps" path="boards/evkmimx8mq/demo_apps/hello_world" toolchain="iar">
          <external path="boards/evkmimx8mq/demo_apps/hello_world" type="xml">
            <files mask="hello_world.xml"/>
          </external>
        </example>
        <example id="evkmimx8mq_ecspi_loopback" name="ecspi_loopback" category="driver_examples/ecspi" path="boards/evkmimx8mq/driver_examples/ecspi/ecspi_loopback" toolchain="iar">
          <external path="boards/evkmimx8mq/driver_examples/ecspi/ecspi_loopback" type="xml">
            <files mask="ecspi_loopback.xml"/>
          </external>
        </example>
        <example id="evkmimx8mq_igpio_led_output" name="igpio_led_output" category="driver_examples/gpio" path="boards/evkmimx8mq/driver_examples/gpio/led_output" toolchain="iar">
          <external path="boards/evkmimx8mq/driver_examples/gpio/led_output" type="xml">
            <files mask="igpio_led_output.xml"/>
          </external>
        </example>
        <example id="evkmimx8mq_gpt_capture" name="gpt_capture" category="driver_examples/gpt" path="boards/evkmimx8mq/driver_examples/gpt/capture" toolchain="iar">
          <external path="boards/evkmimx8mq/driver_examples/gpt/capture" type="xml">
            <files mask="gpt_capture.xml"/>
          </external>
        </example>
        <example id="evkmimx8mq_gpt_timer" name="gpt_timer" category="driver_examples/gpt" path="boards/evkmimx8mq/driver_examples/gpt/timer" toolchain="iar">
          <external path="boards/evkmimx8mq/driver_examples/gpt/timer" type="xml">
            <files mask="gpt_timer.xml"/>
          </external>
        </example>
        <example id="evkmimx8mq_ii2c_interrupt_b2b_transfer_master" name="ii2c_interrupt_b2b_transfer_master" category="driver_examples/i2c" path="boards/evkmimx8mq/driver_examples/i2c/interrupt_b2b_transfer/master" toolchain="iar">
          <external path="boards/evkmimx8mq/driver_examples/i2c/interrupt_b2b_transfer/master" type="xml">
            <files mask="ii2c_interrupt_b2b_transfer_master.xml"/>
          </external>
        </example>
        <example id="evkmimx8mq_ii2c_interrupt_b2b_transfer_slave" name="ii2c_interrupt_b2b_transfer_slave" category="driver_examples/i2c" path="boards/evkmimx8mq/driver_examples/i2c/interrupt_b2b_transfer/slave" toolchain="iar">
          <external path="boards/evkmimx8mq/driver_examples/i2c/interrupt_b2b_transfer/slave" type="xml">
            <files mask="ii2c_interrupt_b2b_transfer_slave.xml"/>
          </external>
        </example>
        <example id="evkmimx8mq_ii2c_polling_b2b_transfer_master" name="ii2c_polling_b2b_transfer_master" category="driver_examples/i2c" path="boards/evkmimx8mq/driver_examples/i2c/polling_b2b_transfer/master" toolchain="iar">
          <external path="boards/evkmimx8mq/driver_examples/i2c/polling_b2b_transfer/master" type="xml">
            <files mask="ii2c_polling_b2b_transfer_master.xml"/>
          </external>
        </example>
        <example id="evkmimx8mq_ii2c_polling_b2b_transfer_slave" name="ii2c_polling_b2b_transfer_slave" category="driver_examples/i2c" path="boards/evkmimx8mq/driver_examples/i2c/polling_b2b_transfer/slave" toolchain="iar">
          <external path="boards/evkmimx8mq/driver_examples/i2c/polling_b2b_transfer/slave" type="xml">
            <files mask="ii2c_polling_b2b_transfer_slave.xml"/>
          </external>
        </example>
        <example id="evkmimx8mq_ipwm" name="ipwm" category="driver_examples/pwm" path="boards/evkmimx8mq/driver_examples/pwm" toolchain="iar">
          <external path="boards/evkmimx8mq/driver_examples/pwm" type="xml">
            <files mask="ipwm.xml"/>
          </external>
        </example>
        <example id="evkmimx8mq_qspi_polling_transfer" name="qspi_polling_transfer" category="driver_examples/qspi" path="boards/evkmimx8mq/driver_examples/qspi/polling_transfer" toolchain="iar">
          <external path="boards/evkmimx8mq/driver_examples/qspi/polling_transfer" type="xml">
            <files mask="qspi_polling_transfer.xml"/>
          </external>
        </example>
        <example id="evkmimx8mq_rdc" name="rdc" category="driver_examples" path="boards/evkmimx8mq/driver_examples/rdc" toolchain="iar">
          <external path="boards/evkmimx8mq/driver_examples/rdc" type="xml">
            <files mask="rdc.xml"/>
          </external>
        </example>
        <example id="evkmimx8mq_sai_interrupt_transfer" name="sai_interrupt_transfer" category="driver_examples/sai" path="boards/evkmimx8mq/driver_examples/sai/interrupt_transfer" toolchain="iar">
          <external path="boards/evkmimx8mq/driver_examples/sai/interrupt_transfer" type="xml">
            <files mask="sai_interrupt_transfer.xml"/>
          </external>
        </example>
        <example id="evkmimx8mq_sema4_uboot" name="sema4_uboot" category="driver_examples/sema4" path="boards/evkmimx8mq/driver_examples/sema4/uboot" toolchain="iar">
          <external path="boards/evkmimx8mq/driver_examples/sema4/uboot" type="xml">
            <files mask="sema4_uboot.xml"/>
          </external>
        </example>
        <example id="evkmimx8mq_tmu_monitor_report" name="tmu_monitor_report" category="driver_examples/tmu" path="boards/evkmimx8mq/driver_examples/tmu/tmu_monitor_report" toolchain="iar">
          <external path="boards/evkmimx8mq/driver_examples/tmu/tmu_monitor_report" type="xml">
            <files mask="tmu_monitor_report.xml"/>
          </external>
        </example>
        <example id="evkmimx8mq_iuart_auto_baudrate_detect" name="iuart_auto_baudrate_detect" category="driver_examples/uart" path="boards/evkmimx8mq/driver_examples/uart/auto_baudrate_detect" toolchain="iar">
          <external path="boards/evkmimx8mq/driver_examples/uart/auto_baudrate_detect" type="xml">
            <files mask="iuart_auto_baudrate_detect.xml"/>
          </external>
        </example>
        <example id="evkmimx8mq_iuart_interrupt" name="iuart_interrupt" category="driver_examples/uart" path="boards/evkmimx8mq/driver_examples/uart/interrupt" toolchain="iar">
          <external path="boards/evkmimx8mq/driver_examples/uart/interrupt" type="xml">
            <files mask="iuart_interrupt.xml"/>
          </external>
        </example>
        <example id="evkmimx8mq_iuart_interrupt_rb_transfer" name="iuart_interrupt_rb_transfer" category="driver_examples/uart" path="boards/evkmimx8mq/driver_examples/uart/interrupt_rb_transfer" toolchain="iar">
          <external path="boards/evkmimx8mq/driver_examples/uart/interrupt_rb_transfer" type="xml">
            <files mask="iuart_interrupt_rb_transfer.xml"/>
          </external>
        </example>
        <example id="evkmimx8mq_iuart_interrupt_transfer" name="iuart_interrupt_transfer" category="driver_examples/uart" path="boards/evkmimx8mq/driver_examples/uart/interrupt_transfer" toolchain="iar">
          <external path="boards/evkmimx8mq/driver_examples/uart/interrupt_transfer" type="xml">
            <files mask="iuart_interrupt_transfer.xml"/>
          </external>
        </example>
        <example id="evkmimx8mq_iuart_polling" name="iuart_polling" category="driver_examples/uart" path="boards/evkmimx8mq/driver_examples/uart/polling" toolchain="iar">
          <external path="boards/evkmimx8mq/driver_examples/uart/polling" type="xml">
            <files mask="iuart_polling.xml"/>
          </external>
        </example>
        <example id="evkmimx8mq_wdog01" name="wdog01" category="driver_examples/wdog" path="boards/evkmimx8mq/driver_examples/wdog" toolchain="iar">
          <external path="boards/evkmimx8mq/driver_examples/wdog" type="xml">
            <files mask="wdog01.xml"/>
          </external>
        </example>
        <example id="evkmimx8mq_rpmsg_lite_pingpong_rtos_linux_remote" name="rpmsg_lite_pingpong_rtos_linux_remote" category="multicore_examples" path="boards/evkmimx8mq/multicore_examples/rpmsg_lite_pingpong_rtos/linux_remote" toolchain="iar">
          <external path="boards/evkmimx8mq/multicore_examples/rpmsg_lite_pingpong_rtos/linux_remote" type="xml">
            <files mask="rpmsg_lite_pingpong_rtos_linux_remote.xml"/>
          </external>
        </example>
        <example id="evkmimx8mq_rpmsg_lite_str_echo_rtos_imxcm4" name="rpmsg_lite_str_echo_rtos_imxcm4" category="multicore_examples" path="boards/evkmimx8mq/multicore_examples/rpmsg_lite_str_echo_rtos" toolchain="iar">
          <external path="boards/evkmimx8mq/multicore_examples/rpmsg_lite_str_echo_rtos" type="xml">
            <files mask="rpmsg_lite_str_echo_rtos_imxcm4.xml"/>
          </external>
        </example>
        <example id="evkmimx8mq_freertos_ecspi_loopback" name="freertos_ecspi_loopback" category="rtos_examples/freertos_ecspi/ecspi_loopback" path="boards/evkmimx8mq/rtos_examples/freertos_ecspi/ecspi_loopback" toolchain="iar">
          <external path="boards/evkmimx8mq/rtos_examples/freertos_ecspi/ecspi_loopback" type="xml">
            <files mask="freertos_ecspi_loopback.xml"/>
          </external>
        </example>
        <example id="evkmimx8mq_freertos_event" name="freertos_event" category="rtos_examples" path="boards/evkmimx8mq/rtos_examples/freertos_event" toolchain="iar">
          <external path="boards/evkmimx8mq/rtos_examples/freertos_event" type="xml">
            <files mask="freertos_event.xml"/>
          </external>
        </example>
        <example id="evkmimx8mq_freertos_generic" name="freertos_generic" category="rtos_examples" path="boards/evkmimx8mq/rtos_examples/freertos_generic" toolchain="iar">
          <external path="boards/evkmimx8mq/rtos_examples/freertos_generic" type="xml">
            <files mask="freertos_generic.xml"/>
          </external>
        </example>
        <example id="evkmimx8mq_freertos_hello" name="freertos_hello" category="rtos_examples" path="boards/evkmimx8mq/rtos_examples/freertos_hello" toolchain="iar">
          <external path="boards/evkmimx8mq/rtos_examples/freertos_hello" type="xml">
            <files mask="freertos_hello.xml"/>
          </external>
        </example>
        <example id="evkmimx8mq_freertos_i2c" name="freertos_i2c" category="rtos_examples" path="boards/evkmimx8mq/rtos_examples/freertos_i2c" toolchain="iar">
          <external path="boards/evkmimx8mq/rtos_examples/freertos_i2c" type="xml">
            <files mask="freertos_i2c.xml"/>
          </external>
        </example>
        <example id="evkmimx8mq_freertos_mutex" name="freertos_mutex" category="rtos_examples" path="boards/evkmimx8mq/rtos_examples/freertos_mutex" toolchain="iar">
          <external path="boards/evkmimx8mq/rtos_examples/freertos_mutex" type="xml">
            <files mask="freertos_mutex.xml"/>
          </external>
        </example>
        <example id="evkmimx8mq_freertos_queue" name="freertos_queue" category="rtos_examples" path="boards/evkmimx8mq/rtos_examples/freertos_queue" toolchain="iar">
          <external path="boards/evkmimx8mq/rtos_examples/freertos_queue" type="xml">
            <files mask="freertos_queue.xml"/>
          </external>
        </example>
        <example id="evkmimx8mq_freertos_sem" name="freertos_sem" category="rtos_examples" path="boards/evkmimx8mq/rtos_examples/freertos_sem" toolchain="iar">
          <external path="boards/evkmimx8mq/rtos_examples/freertos_sem" type="xml">
            <files mask="freertos_sem.xml"/>
          </external>
        </example>
        <example id="evkmimx8mq_freertos_swtimer" name="freertos_swtimer" category="rtos_examples" path="boards/evkmimx8mq/rtos_examples/freertos_swtimer" toolchain="iar">
          <external path="boards/evkmimx8mq/rtos_examples/freertos_swtimer" type="xml">
            <files mask="freertos_swtimer.xml"/>
          </external>
        </example>
        <example id="evkmimx8mq_freertos_tickless" name="freertos_tickless" category="rtos_examples" path="boards/evkmimx8mq/rtos_examples/freertos_tickless" toolchain="iar">
          <external path="boards/evkmimx8mq/rtos_examples/freertos_tickless" type="xml">
            <files mask="freertos_tickless.xml"/>
          </external>
        </example>
        <example id="evkmimx8mq_freertos_uart" name="freertos_uart" category="rtos_examples" path="boards/evkmimx8mq/rtos_examples/freertos_uart" toolchain="iar">
          <external path="boards/evkmimx8mq/rtos_examples/freertos_uart" type="xml">
            <files mask="freertos_uart.xml"/>
          </external>
        </example>
      </examples>
    </board>
  </boards>
  <devices>
    <device id="MIMX8MQ6xxxJZ" full_name="MIMX8MQ6xxxJZ" name="MIMX8MQ6" version="1.0.0">
      <description>The MIMX8MQ6 are ARM Cortex-M4 and Cortex-A53 based microcontrollers for embedded applications.</description>
      <image type="image" path="docs/images">
        <files mask="device.jpg"/>
      </image>
      <metadataSet>
        <metadata key="vendor" value="NXP"/>
        <metadata key="vendor.device.type" value="i.MX"/>
        <metadata key="html">
          <specific>
            <content>
        The MIMX8MQ6 are ARM Cortex-M4 and Cortex-A53 based microcontrollers for embedded applications. 
        </content>
          </specific>
        </metadata>
        <metadata key="vendor.device.family" value="MIMX8MQx"/>
      </metadataSet>
      <core fpu="true" id="cm4_MIMX8MQ6xxxJZ" name="cm4" type="cm4"/>
      <memory>
        <memoryBlock access="RW" addr="c0000000" id="QSPI_FLASH_MIMX8MQ6xxxJZ" name="QSPI_FLASH" size="10000000" type="Flash"/>
        <memoryBlock access="RW" addr="20000000" id="SRAM_UPPER_MIMX8MQ6xxxJZ" name="SRAM_UPPER" size="00020000" type="RAM"/>
        <memoryBlock access="RW" addr="1ffe0000" id="SRAM_LOWER_MIMX8MQ6xxxJZ" name="SRAM_LOWER" size="00020000" type="RAM"/>
      </memory>
      <total_memory flash_size_kb="0" ram_size_kb="256"/>
      <package id="MIMX8MQ6DVAJZ" name="MIMX8MQ6DVAJZ"/>
      <evaluation_boards>
        <evaluation_board name="evkmimx8mq"/>
      </evaluation_boards>
      <linkerSettings nature="c_nature">
        <linker property="start_symbol" value="ResetISR"/>
        <linker property="text_align" value="4"/>
        <linker property="data_align" value="4"/>
        <linker property="bss_align" value="4"/>
        <linker property="mtb_supported" value="false"/>
      </linkerSettings>
      <linkerSettings nature="cpp_nature">
        <linker property="start_symbol" value="ResetISR"/>
        <linker property="text_align" value="4"/>
        <linker property="data_align" value="4"/>
        <linker property="bss_align" value="4"/>
        <linker property="mtb_supported" value="false"/>
      </linkerSettings>
    </device>
  </devices>
  <components>
    <component id="platform.drivers.clock.MIMX8MQ6" name="clock" full_name="Clock Driver" type="driver" brief="Clock Driver" device_cores="cm4_MIMX8MQ6xxxJZ" core="cm4" dependency="platform.Include_common.MIMX8MQ6 platform.Include_core_cm4.MIMX8MQ6 platform.devices.MIMX8MQ6_CMSIS.MIMX8MQ6 platform.drivers.common.MIMX8MQ6" devices="MIMX8MQ6xxxJZ" version="2.1.0" user_visible="true">
      <source path="devices/MIMX8MQ6/drivers" target_path="drivers" type="src">
        <files mask="fsl_clock.c"/>
      </source>
      <source path="devices/MIMX8MQ6/drivers" target_path="drivers" type="c_include">
        <files mask="fsl_clock.h"/>
      </source>
    </component>
    <component id="platform.drivers.common.MIMX8MQ6" name="common" full_name="COMMON Driver" type="driver" brief="COMMON Driver" device_cores="cm4_MIMX8MQ6xxxJZ" core="cm4" dependency="platform.Include_common.MIMX8MQ6 platform.Include_core_cm4.MIMX8MQ6 platform.devices.MIMX8MQ6_CMSIS.MIMX8MQ6 platform.drivers.clock.MIMX8MQ6" devices="MIMX8MQ6xxxJZ" version="2.0.0" user_visible="true">
      <source path="devices/MIMX8MQ6/drivers" target_path="drivers" type="src">
        <files mask="fsl_common.c"/>
      </source>
      <source path="devices/MIMX8MQ6/drivers" target_path="drivers" type="c_include">
        <files mask="fsl_common.h"/>
      </source>
    </component>
    <component id="platform.drivers.ecspi.MIMX8MQ6" name="ecspi" type="driver" brief="ECSPI Driver" device_cores="cm4_MIMX8MQ6xxxJZ" core="cm4" dependency="platform.Include_common.MIMX8MQ6 platform.Include_core_cm4.MIMX8MQ6 platform.devices.MIMX8MQ6_CMSIS.MIMX8MQ6 platform.drivers.clock.MIMX8MQ6 platform.drivers.common.MIMX8MQ6" devices="MIMX8MQ6xxxJZ" version="2.0.0" user_visible="true">
      <source path="devices/MIMX8MQ6/drivers" target_path="drivers" type="src">
        <files mask="fsl_ecspi.c"/>
      </source>
      <source path="devices/MIMX8MQ6/drivers" target_path="drivers" type="c_include">
        <files mask="fsl_ecspi.h"/>
      </source>
    </component>
    <component id="platform.drivers.ecspi_freertos.MIMX8MQ6" name="ecspi_freertos" type="driver" brief="ECSPI Driver" device_cores="cm4_MIMX8MQ6xxxJZ" core="cm4" dependency="middleware.freertos.MIMX8MQ6 middleware.template_application.freertos.MIMX8MQ6 platform.Include_common.MIMX8MQ6 platform.Include_core_cm4.MIMX8MQ6 platform.devices.MIMX8MQ6_CMSIS.MIMX8MQ6 platform.drivers.clock.MIMX8MQ6 platform.drivers.common.MIMX8MQ6 platform.drivers.ecspi.MIMX8MQ6" devices="MIMX8MQ6xxxJZ" version="2.0.0" user_visible="true">
      <source path="devices/MIMX8MQ6/drivers" target_path="drivers/freertos" type="src">
        <files mask="fsl_ecspi_freertos.c"/>
      </source>
      <source path="devices/MIMX8MQ6/drivers" target_path="drivers/freertos" type="c_include">
        <files mask="fsl_ecspi_freertos.h"/>
      </source>
    </component>
    <component id="platform.drivers.gpt.MIMX8MQ6" name="gpt" type="driver" brief="GPT Driver" devices="MIMX8MQ6xxxJZ" version="2.0.0" user_visible="true">
      <source path="devices/MIMX8MQ6/drivers" target_path="drivers" type="src">
        <files mask="fsl_gpt.c"/>
      </source>
      <source path="devices/MIMX8MQ6/drivers" target_path="drivers" type="c_include">
        <files mask="fsl_gpt.h"/>
      </source>
    </component>
    <component id="platform.drivers.igpio.MIMX8MQ6" name="gpio" type="driver" brief="GPIO Driver" devices="MIMX8MQ6xxxJZ" version="2.0.1" user_visible="true">
      <source path="devices/MIMX8MQ6/drivers" target_path="drivers" type="src">
        <files mask="fsl_gpio.c"/>
      </source>
      <source path="devices/MIMX8MQ6/drivers" target_path="drivers" type="c_include">
        <files mask="fsl_gpio.h"/>
      </source>
    </component>
    <component id="platform.drivers.ii2c.MIMX8MQ6" name="i2c" type="driver" brief="I2C Driver" devices="MIMX8MQ6xxxJZ" version="2.0.3" user_visible="true">
      <source path="devices/MIMX8MQ6/drivers" target_path="drivers" type="src">
        <files mask="fsl_i2c.c"/>
      </source>
      <source path="devices/MIMX8MQ6/drivers" target_path="drivers" type="c_include">
        <files mask="fsl_i2c.h"/>
      </source>
    </component>
    <component id="platform.drivers.ii2c_freertos.MIMX8MQ6" name="i2c_freertos" type="driver" brief="I2C Driver" dependency="middleware.freertos.MIMX8MQ6 middleware.template_application.freertos.MIMX8MQ6 platform.drivers.ii2c.MIMX8MQ6" devices="MIMX8MQ6xxxJZ" version="2.0.3" user_visible="true">
      <source path="devices/MIMX8MQ6/drivers" target_path="drivers/freertos" type="src">
        <files mask="fsl_i2c_freertos.c"/>
      </source>
      <source path="devices/MIMX8MQ6/drivers" target_path="drivers/freertos" type="c_include">
        <files mask="fsl_i2c_freertos.h"/>
      </source>
    </component>
    <component id="platform.drivers.iomuxc.MIMX8MQ6" name="iomuxc" full_name="IOMUXC Driver" type="driver" brief="IOMUXC Driver" device_cores="cm4_MIMX8MQ6xxxJZ" core="cm4" dependency="platform.Include_common.MIMX8MQ6 platform.Include_core_cm4.MIMX8MQ6 platform.devices.MIMX8MQ6_CMSIS.MIMX8MQ6 platform.drivers.clock.MIMX8MQ6 platform.drivers.common.MIMX8MQ6" devices="MIMX8MQ6xxxJZ" version="2.0.0" user_visible="true">
      <source path="devices/MIMX8MQ6/drivers" target_path="drivers" type="c_include">
        <files mask="fsl_iomuxc.h"/>
      </source>
    </component>
    <component id="platform.drivers.ipwm.MIMX8MQ6" name="ipwm" type="driver" brief="PWM Driver" devices="MIMX8MQ6xxxJZ" version="2.0.0" user_visible="true">
      <source path="devices/MIMX8MQ6/drivers" target_path="drivers" type="src">
        <files mask="fsl_pwm.c"/>
      </source>
      <source path="devices/MIMX8MQ6/drivers" target_path="drivers" type="c_include">
        <files mask="fsl_pwm.h"/>
      </source>
    </component>
    <component id="platform.drivers.iuart.MIMX8MQ6" name="iuart" type="driver" brief="IUART Driver" devices="MIMX8MQ6xxxJZ" version="2.0.0" user_visible="true">
      <source path="devices/MIMX8MQ6/drivers" target_path="drivers" type="src">
        <files mask="fsl_uart.c"/>
      </source>
      <source path="devices/MIMX8MQ6/drivers" target_path="drivers" type="c_include">
        <files mask="fsl_uart.h"/>
      </source>
    </component>
    <component id="platform.drivers.iuart_freertos.MIMX8MQ6" name="iuart_freertos" type="driver" brief="IUART Freertos Driver" dependency="middleware.freertos.MIMX8MQ6 middleware.template_application.freertos.MIMX8MQ6 platform.drivers.iuart.MIMX8MQ6" devices="MIMX8MQ6xxxJZ" version="2.0.0" user_visible="true">
      <source path="devices/MIMX8MQ6/drivers" target_path="drivers/freertos" type="src">
        <files mask="fsl_uart_freertos.c"/>
      </source>
      <source path="devices/MIMX8MQ6/drivers" target_path="drivers/freertos" type="c_include">
        <files mask="fsl_uart_freertos.h"/>
      </source>
    </component>
    <component id="platform.drivers.mu.MIMX8MQ6" name="mu" full_name="MU Driver" type="driver" brief="MU Driver" device_cores="cm4_MIMX8MQ6xxxJZ" core="cm4" dependency="platform.Include_common.MIMX8MQ6 platform.Include_core_cm4.MIMX8MQ6 platform.devices.MIMX8MQ6_CMSIS.MIMX8MQ6 platform.drivers.clock.MIMX8MQ6 platform.drivers.common.MIMX8MQ6" devices="MIMX8MQ6xxxJZ" version="2.0.2" user_visible="true">
      <source path="devices/MIMX8MQ6/drivers" target_path="drivers" type="src">
        <files mask="fsl_mu.c"/>
      </source>
      <source path="devices/MIMX8MQ6/drivers" target_path="drivers" type="c_include">
        <files mask="fsl_mu.h"/>
      </source>
    </component>
    <component id="platform.drivers.qspi.MIMX8MQ6" name="qspi" full_name="QSPI Driver" type="driver" brief="QSPI Driver" device_cores="cm4_MIMX8MQ6xxxJZ" core="cm4" dependency="platform.Include_common.MIMX8MQ6 platform.Include_core_cm4.MIMX8MQ6 platform.devices.MIMX8MQ6_CMSIS.MIMX8MQ6 platform.drivers.clock.MIMX8MQ6 platform.drivers.common.MIMX8MQ6" devices="MIMX8MQ6xxxJZ" version="2.0.2" user_visible="true">
      <source path="devices/MIMX8MQ6/drivers" target_path="drivers" type="src">
        <files mask="fsl_qspi.c"/>
      </source>
      <source path="devices/MIMX8MQ6/drivers" target_path="drivers" type="c_include">
        <files mask="fsl_qspi.h"/>
      </source>
    </component>
    <component id="platform.drivers.rdc.MIMX8MQ6" name="rdc" full_name="RDC Driver" type="driver" brief="RDC Driver" device_cores="cm4_MIMX8MQ6xxxJZ" core="cm4" dependency="platform.Include_common.MIMX8MQ6 platform.Include_core_cm4.MIMX8MQ6 platform.devices.MIMX8MQ6_CMSIS.MIMX8MQ6 platform.drivers.clock.MIMX8MQ6 platform.drivers.common.MIMX8MQ6" devices="MIMX8MQ6xxxJZ" version="2.0.0" user_visible="true">
      <source path="devices/MIMX8MQ6/drivers" target_path="drivers" type="src">
        <files mask="fsl_rdc.c"/>
      </source>
      <source path="devices/MIMX8MQ6/drivers" target_path="drivers" type="c_include">
        <files mask="fsl_rdc.h"/>
      </source>
    </component>
    <component id="platform.drivers.rdc_sema42.MIMX8MQ6" name="rdc_sema42" full_name="RDC SEMA42 Driver" type="driver" brief="RDC SEMA42 Driver" devices="MIMX8MQ6xxxJZ" version="2.0.0" user_visible="true">
      <source path="devices/MIMX8MQ6/drivers" target_path="drivers" type="src">
        <files mask="fsl_rdc_sema42.c"/>
      </source>
      <source path="devices/MIMX8MQ6/drivers" target_path="drivers" type="c_include">
        <files mask="fsl_rdc_sema42.h"/>
      </source>
    </component>
    <component id="platform.drivers.sai.MIMX8MQ6" name="sai" full_name="SAI Driver" type="driver" brief="SAI Driver" device_cores="cm4_MIMX8MQ6xxxJZ" core="cm4" dependency="platform.Include_common.MIMX8MQ6 platform.Include_core_cm4.MIMX8MQ6 platform.devices.MIMX8MQ6_CMSIS.MIMX8MQ6 platform.drivers.clock.MIMX8MQ6 platform.drivers.common.MIMX8MQ6" devices="MIMX8MQ6xxxJZ" version="2.1.4" user_visible="true">
      <source path="devices/MIMX8MQ6/drivers" target_path="drivers" type="src">
        <files mask="fsl_sai.c"/>
      </source>
      <source path="devices/MIMX8MQ6/drivers" target_path="drivers" type="c_include">
        <files mask="fsl_sai.h"/>
      </source>
    </component>
    <component id="platform.drivers.sema4.MIMX8MQ6" name="sema4" full_name="SEMA4 Driver" type="driver" brief="SEMA4 Driver" device_cores="cm4_MIMX8MQ6xxxJZ" core="cm4" dependency="platform.Include_common.MIMX8MQ6 platform.Include_core_cm4.MIMX8MQ6 platform.devices.MIMX8MQ6_CMSIS.MIMX8MQ6 platform.drivers.clock.MIMX8MQ6 platform.drivers.common.MIMX8MQ6" devices="MIMX8MQ6xxxJZ" version="2.0.0" user_visible="true">
      <source path="devices/MIMX8MQ6/drivers" target_path="drivers" type="src">
        <files mask="fsl_sema4.c"/>
      </source>
      <source path="devices/MIMX8MQ6/drivers" target_path="drivers" type="c_include">
        <files mask="fsl_sema4.h"/>
      </source>
    </component>
    <component id="platform.drivers.tmu.MIMX8MQ6" name="tmu" full_name="TMU Driver" type="driver" brief="TMU Driver" device_cores="cm4_MIMX8MQ6xxxJZ" core="cm4" dependency="platform.Include_common.MIMX8MQ6 platform.Include_core_cm4.MIMX8MQ6 platform.devices.MIMX8MQ6_CMSIS.MIMX8MQ6 platform.drivers.clock.MIMX8MQ6 platform.drivers.common.MIMX8MQ6" devices="MIMX8MQ6xxxJZ" version="2.0.0" user_visible="true">
      <source path="devices/MIMX8MQ6/drivers" target_path="drivers" type="src">
        <files mask="fsl_tmu.c"/>
      </source>
      <source path="devices/MIMX8MQ6/drivers" target_path="drivers" type="c_include">
        <files mask="fsl_tmu.h"/>
      </source>
    </component>
    <component id="platform.drivers.wdog01.MIMX8MQ6" name="wdog" full_name="wdog01 Driver" type="driver" brief="wdog01 Driver" device_cores="cm4_MIMX8MQ6xxxJZ" core="cm4" dependency="platform.Include_common.MIMX8MQ6 platform.Include_core_cm4.MIMX8MQ6 platform.devices.MIMX8MQ6_CMSIS.MIMX8MQ6 platform.drivers.clock.MIMX8MQ6 platform.drivers.common.MIMX8MQ6" devices="MIMX8MQ6xxxJZ" version="2.0.0" user_visible="true">
      <source path="devices/MIMX8MQ6/drivers" target_path="drivers" type="src">
        <files mask="fsl_wdog.c"/>
      </source>
      <source path="devices/MIMX8MQ6/drivers" target_path="drivers" type="c_include">
        <files mask="fsl_wdog.h"/>
      </source>
    </component>
    <component id="platform.utilities.assert.MIMX8MQ6" name="assert" type="utilities" dependency="platform.drivers.iuart.MIMX8MQ6 platform.utilities.debug_console.MIMX8MQ6" devices="MIMX8MQ6xxxJZ" version="1.0.0" user_visible="true">
      <source path="devices/MIMX8MQ6/utilities" target_path="utilities" type="src">
        <files mask="fsl_assert.c"/>
      </source>
    </component>
    <component id="platform.utilities.debug_console.MIMX8MQ6" name="debug_console" type="utilities" dependency="platform.drivers.iuart.MIMX8MQ6" devices="MIMX8MQ6xxxJZ" version="1.0.0" user_visible="true">
      <source path="devices/MIMX8MQ6/utilities/io" target_path="utilities" type="src">
        <files mask="fsl_io.c"/>
      </source>
      <source path="devices/MIMX8MQ6/utilities/io" target_path="utilities" type="c_include">
        <files mask="fsl_io.h"/>
      </source>
      <source path="devices/MIMX8MQ6/utilities/log" target_path="utilities" type="src">
        <files mask="fsl_log.c"/>
      </source>
      <source path="devices/MIMX8MQ6/utilities/log" target_path="utilities" type="c_include">
        <files mask="fsl_log.h"/>
      </source>
      <source path="devices/MIMX8MQ6/utilities/str" target_path="utilities" type="src">
        <files mask="fsl_str.c"/>
      </source>
      <source path="devices/MIMX8MQ6/utilities/str" target_path="utilities" type="c_include">
        <files mask="fsl_str.h"/>
      </source>
      <source path="devices/MIMX8MQ6/utilities" target_path="utilities" type="src">
        <files mask="fsl_debug_console.c"/>
      </source>
      <source path="devices/MIMX8MQ6/utilities" target_path="utilities" type="c_include">
        <files mask="fsl_debug_console.h"/>
        <files mask="fsl_debug_console_conf.h"/>
      </source>
    </component>
    <component id="docs.images.MIMX8MQ6" name="images" type="other" devices="MIMX8MQ6xxxJZ" version="1.0.0" user_visible="true">
      <source path="docs/images" type="image">
        <files mask="device.jpg"/>
      </source>
      <source path="docs/images" type="image">
        <files mask="EVK-MIMX8MQ.gif"/>
      </source>
    </component>
    <component id="middleware.freertos.freertos_tickless_gpt.MIMX8MQ6" name="freertos_tickless_gpt" full_name="FreeRTOS_gpt_tickless" type="other" brief="FreeRTOS gpt tickless" category="Operating System/FreeRTOS Operating System" dependency="platform.drivers.gpt.MIMX8MQ6" devices="MIMX8MQ6xxxJZ" version="1.0.0" user_visible="true">
      <source path="rtos/freertos/Source/portable/low_power_tickless" target_path="freertos/portable" device_cores="cm4_MIMX8MQ6xxxJZ" core="cm4" type="src">
        <files mask="fsl_tickless_gpt.c"/>
      </source>
    </component>
    <component id="middleware.freertos.heap.heap_1.MIMX8MQ6" name="heap_1" full_name="FreeRTOS_heap_1" type="other" brief="FreeRTOS heap_1 allocator" category="Operating System/FreeRTOS Operating System" devices="MIMX8MQ6xxxJZ" version="1.0.0" user_visible="true">
      <source path="rtos/freertos/Source/portable/MemMang" target_path="freertos/portable" type="src">
        <files mask="heap_1.c"/>
      </source>
    </component>
    <component id="middleware.freertos.heap.heap_2.MIMX8MQ6" name="heap_2" full_name="FreeRTOS_heap_2" type="other" brief="FreeRTOS heap_2 allocator" category="Operating System/FreeRTOS Operating System" devices="MIMX8MQ6xxxJZ" version="1.0.0" user_visible="true">
      <source path="rtos/freertos/Source/portable/MemMang" target_path="freertos/portable" type="src">
        <files mask="heap_2.c"/>
      </source>
    </component>
    <component id="middleware.freertos.heap.heap_3.MIMX8MQ6" name="heap_3" full_name="FreeRTOS_heap_3" type="other" brief="FreeRTOS heap_3 allocator" category="Operating System/FreeRTOS Operating System" devices="MIMX8MQ6xxxJZ" version="1.0.0" user_visible="true">
      <source path="rtos/freertos/Source/portable/MemMang" target_path="freertos/portable" type="src">
        <files mask="heap_3.c"/>
      </source>
    </component>
    <component id="middleware.freertos.heap.heap_4.MIMX8MQ6" name="heap_4" full_name="FreeRTOS_heap_4" type="other" brief="FreeRTOS heap_4 allocator" category="Operating System/FreeRTOS Operating System" devices="MIMX8MQ6xxxJZ" version="1.0.0" user_visible="true">
      <source path="rtos/freertos/Source/portable/MemMang" target_path="freertos/portable" type="src">
        <files mask="heap_4.c"/>
      </source>
    </component>
    <component id="middleware.freertos.heap.heap_5.MIMX8MQ6" name="heap_5" full_name="FreeRTOS_heap_5" type="other" brief="FreeRTOS heap_5 allocator" category="Operating System/FreeRTOS Operating System" devices="MIMX8MQ6xxxJZ" version="1.0.0" user_visible="true">
      <source path="rtos/freertos/Source/portable/MemMang" target_path="freertos/portable" type="src">
        <files mask="heap_5.c"/>
      </source>
    </component>
    <component id="project_generator_template.evkmimx8mq.MIMX8MQ6" name="evkmimx8mq" type="other" devices="MIMX8MQ6xxxJZ" version="1.0.0" user_visible="true">
      <source path="boards/evkmimx8mq/project_template/cproject_generator_templates/iar" type="linker" toolchain="iar">
        <files mask="MIMX8MQ6xxxJZ_cm4_ddr_ram.icf"/>
        <files mask="MIMX8MQ6xxxJZ_cm4_ram.icf"/>
      </source>
      <source path="boards/evkmimx8mq/project_template/cproject_generator_templates/iar" type="project" toolchain="iar">
        <files mask="$[project_name].ewp"/>
      </source>
      <source path="boards/evkmimx8mq/project_template/cproject_generator_templates/iar" type="workspace" toolchain="iar">
        <files mask="$[project_name].eww"/>
      </source>
      <source path="boards/evkmimx8mq/project_template/cproject_generator_templates/iar" type="debug" toolchain="iar">
        <files mask="$[project_name].ewd"/>
      </source>
      <source path="boards/evkmimx8mq/project_template/cppproject_generator_templates/iar" type="linker" toolchain="iar">
        <files mask="MIMX8MQ6xxxJZ_cm4_ddr_ram.icf"/>
        <files mask="MIMX8MQ6xxxJZ_cm4_ram.icf"/>
      </source>
      <source path="boards/evkmimx8mq/project_template/cppproject_generator_templates/iar" type="project" toolchain="iar">
        <files mask="$[project_name].ewp"/>
      </source>
      <source path="boards/evkmimx8mq/project_template/cppproject_generator_templates/iar" type="workspace" toolchain="iar">
        <files mask="$[project_name].eww"/>
      </source>
      <source path="boards/evkmimx8mq/project_template/cppproject_generator_templates/iar" type="debug" toolchain="iar">
        <files mask="$[project_name].ewd"/>
      </source>
    </component>
    <component id="tools.MIMX8MQ6" name="tools" type="other" devices="MIMX8MQ6xxxJZ" version="1.0.0" user_visible="true">
      <source path="tools/cmake_toolchain_files" type="script">
        <files mask="armgcc.cmake"/>
        <files mask="armgcc_force_cpp.cmake"/>
      </source>
    </component>
    <component id="middleware.multicore.rpmsg_lite.MIMX8MQ6" name="rpmsg_lite" full_name="Remote Procedure Messaging Lite library" type="middleware" brief="RPMsg-Lite" category="Multicore/RPMsg-Lite" devices="MIMX8MQ6xxxJZ" version="1.2.0" user_visible="false">
      <source path="middleware/multicore/rpmsg_lite/doc/search" target_path="rpmsg_lite/doc" type="script">
        <files mask="all_0.js"/>
        <files mask="all_1.js"/>
        <files mask="all_2.js"/>
        <files mask="all_3.js"/>
        <files mask="all_4.js"/>
        <files mask="all_5.js"/>
        <files mask="all_6.js"/>
        <files mask="all_7.js"/>
        <files mask="classes_0.js"/>
        <files mask="functions_0.js"/>
        <files mask="groups_0.js"/>
        <files mask="pages_0.js"/>
        <files mask="search.js"/>
        <files mask="searchdata.js"/>
        <files mask="typedefs_0.js"/>
        <files mask="variables_0.js"/>
        <files mask="variables_1.js"/>
        <files mask="variables_2.js"/>
        <files mask="variables_3.js"/>
        <files mask="variables_4.js"/>
        <files mask="variables_5.js"/>
        <files mask="variables_6.js"/>
        <files mask="variables_7.js"/>
      </source>
      <source path="middleware/multicore/rpmsg_lite/doc/search" target_path="rpmsg_lite/doc" type="doc">
        <files mask="all_0.html"/>
        <files mask="all_1.html"/>
        <files mask="all_2.html"/>
        <files mask="all_3.html"/>
        <files mask="all_4.html"/>
        <files mask="all_5.html"/>
        <files mask="all_6.html"/>
        <files mask="all_7.html"/>
        <files mask="classes_0.html"/>
        <files mask="functions_0.html"/>
        <files mask="groups_0.html"/>
        <files mask="nomatches.html"/>
        <files mask="pages_0.html"/>
        <files mask="search.css"/>
        <files mask="typedefs_0.html"/>
        <files mask="variables_0.html"/>
        <files mask="variables_1.html"/>
        <files mask="variables_2.html"/>
        <files mask="variables_3.html"/>
        <files mask="variables_4.html"/>
        <files mask="variables_5.html"/>
        <files mask="variables_6.html"/>
        <files mask="variables_7.html"/>
      </source>
      <source path="middleware/multicore/rpmsg_lite/doc/search" target_path="rpmsg_lite/doc" type="image">
        <files mask="close.png"/>
        <files mask="mag_sel.png"/>
        <files mask="search_l.png"/>
        <files mask="search_m.png"/>
        <files mask="search_r.png"/>
      </source>
      <source path="middleware/multicore/rpmsg_lite/doc" target_path="rpmsg_lite/doc" type="script">
        <files mask="dynsections.js"/>
        <files mask="group__rpmsg__lite.js"/>
        <files mask="group__rpmsg__ns.js"/>
        <files mask="group__rpmsg__queue.js"/>
        <files mask="jquery.js"/>
        <files mask="modules.js"/>
        <files mask="navtree.js"/>
        <files mask="navtreedata.js"/>
        <files mask="navtreeindex0.js"/>
        <files mask="resize.js"/>
      </source>
      <source path="middleware/multicore/rpmsg_lite/doc" target_path="rpmsg_lite/doc" type="doc">
        <files mask="customdoxygen.css"/>
        <files mask="dir_5a30104352ef4255dc24354b02eb2d20.html"/>
        <files mask="dir_97aefd0d527b934f1d99a682da8fe6a9.html"/>
        <files mask="doxygen.css"/>
        <files mask="group__rpmsg__lite.html"/>
        <files mask="group__rpmsg__ns.html"/>
        <files mask="group__rpmsg__queue.html"/>
        <files mask="index.html"/>
        <files mask="modules.html"/>
        <files mask="navtree.css"/>
        <files mask="rpmsg__lite_8h_source.html"/>
        <files mask="rpmsg__ns_8h_source.html"/>
        <files mask="rpmsg__queue_8h_source.html"/>
        <files mask="tabs.css"/>
      </source>
      <source path="middleware/multicore/rpmsg_lite/doc" target_path="rpmsg_lite/doc" type="image">
        <files mask="arrowdown.png"/>
        <files mask="arrowright.png"/>
        <files mask="bc_s.png"/>
        <files mask="bdwn.png"/>
        <files mask="closed.png"/>
        <files mask="doc.png"/>
        <files mask="doxygen.png"/>
        <files mask="folderclosed.png"/>
        <files mask="folderopen.png"/>
        <files mask="nav_f.png"/>
        <files mask="nav_g.png"/>
        <files mask="nav_h.png"/>
        <files mask="nxp_logo_small.png"/>
        <files mask="open.png"/>
        <files mask="rpmsg_isoosi.png"/>
        <files mask="rpmsg_lite_arch.png"/>
        <files mask="rpmsg_lite_send_receive.png"/>
        <files mask="splitbar.png"/>
        <files mask="sync_off.png"/>
        <files mask="sync_on.png"/>
        <files mask="tab_a.png"/>
        <files mask="tab_b.png"/>
        <files mask="tab_h.png"/>
        <files mask="tab_s.png"/>
      </source>
      <source path="middleware/multicore/rpmsg_lite/lib/common" target_path="rpmsg_lite" type="src">
        <files mask="llist.c"/>
      </source>
      <source path="middleware/multicore/rpmsg_lite/lib/include" target_path="rpmsg_lite" type="c_include">
        <files mask="llist.h"/>
        <files mask="rpmsg_compiler.h"/>
        <files mask="rpmsg_default_config.h"/>
        <files mask="rpmsg_lite.h"/>
        <files mask="rpmsg_ns.h"/>
        <files mask="virtio_ring.h"/>
        <files mask="virtqueue.h"/>
      </source>
      <source path="middleware/multicore/rpmsg_lite/lib/rpmsg_lite" target_path="rpmsg_lite" type="src">
        <files mask="rpmsg_lite.c"/>
        <files mask="rpmsg_ns.c"/>
      </source>
      <source path="middleware/multicore/rpmsg_lite/lib/virtio" target_path="rpmsg_lite" type="src">
        <files mask="virtqueue.c"/>
      </source>
      <source path="middleware/multicore/rpmsg_lite" target_path="rpmsg_lite" type="doc">
        <files mask="readme.txt"/>
      </source>
    </component>
    <component id="middleware.multicore.rpmsg_lite.bm.MIMX8MQ6" name="rpmsg_lite_bm_env" full_name="RPMsg-Lite baremetal environment layer" type="middleware" brief="RPMsg-Lite_baremetal_env" category="Multicore/RPMsg-Lite BM" devices="MIMX8MQ6xxxJZ" version="1.0.0" user_visible="false">
      <source path="middleware/multicore/rpmsg_lite/lib/include" target_path="rpmsg_lite/env/bm" type="c_include">
        <files mask="rpmsg_env.h"/>
      </source>
      <source path="middleware/multicore/rpmsg_lite/lib/rpmsg_lite/porting/environment" target_path="rpmsg_lite/env/bm" type="src">
        <files mask="rpmsg_env_bm.c"/>
      </source>
    </component>
    <component id="middleware.multicore.rpmsg_lite.bm.config.MIMX8MQ6" name="rpmsg_lite_bm_config" full_name="RPMsg-Lite BM configuration" type="middleware" brief="RPMsg-Lite_bm_config" category="Multicore/RPMsg-Lite BM" dependency="middleware.multicore.rpmsg_lite.MIMX8MQ6 middleware.multicore.rpmsg_lite.bm.MIMX8MQ6" devices="MIMX8MQ6xxxJZ" version="1.0.0" user_visible="true">
      <source path="middleware/multicore/rpmsg_lite/template_application" target_path="source" type="c_include">
        <files mask="rpmsg_config.h"/>
      </source>
    </component>
    <component id="middleware.multicore.rpmsg_lite.freertos.MIMX8MQ6" name="rpmsg_lite_freertos_env" full_name="RPMsg-Lite FreeRTOS environment layer" type="middleware" brief="RPMsg-Lite_freertos_env" category="Multicore/RPMsg-Lite FreeRTOS" devices="MIMX8MQ6xxxJZ" version="1.0.0" user_visible="false">
      <source path="middleware/multicore/rpmsg_lite/lib/include" target_path="rpmsg_lite/env/freertos" type="c_include">
        <files mask="rpmsg_env.h"/>
        <files mask="rpmsg_queue.h"/>
      </source>
      <source path="middleware/multicore/rpmsg_lite/lib/rpmsg_lite/porting/environment" target_path="rpmsg_lite/env/freertos" type="src">
        <files mask="rpmsg_env_freertos.c"/>
      </source>
      <source path="middleware/multicore/rpmsg_lite/lib/rpmsg_lite" target_path="rpmsg_lite/env/freertos" type="src">
        <files mask="rpmsg_queue.c"/>
      </source>
    </component>
    <component id="middleware.multicore.rpmsg_lite.freertos.config.MIMX8MQ6" name="rpmsg_lite_freertos_config" full_name="RPMsg-Lite FreeRTOS configuration" type="middleware" brief="RPMsg-Lite_freertos_config" category="Multicore/RPMsg-Lite FreeRTOS" dependency="middleware.multicore.rpmsg_lite.MIMX8MQ6 middleware.multicore.rpmsg_lite.freertos.MIMX8MQ6" devices="MIMX8MQ6xxxJZ" version="1.0.0" user_visible="true">
      <source path="middleware/multicore/rpmsg_lite/template_application" target_path="source" type="c_include">
        <files mask="rpmsg_config.h"/>
      </source>
    </component>
    <component id="middleware.multicore.rpmsg_lite.imx8mq_m4_bm.MIMX8MQ6" name="rpmsg_lite_imx8mq_m4_bm" full_name="Remote Procedure Messaging Lite porting layer for evkmimx8mq board" type="middleware" brief="RPMsg-Lite_evkmimx8mq_porting_layer" category="Multicore/RPMsg-Lite BM" dependency="middleware.multicore.rpmsg_lite.bm.MIMX8MQ6" devices="MIMX8MQ6xxxJZ" version="1.2.0" user_visible="true">
      <source path="middleware/multicore/rpmsg_lite/lib/include/platform/imx8mq_m4" target_path="rpmsg_lite/porting" type="c_include">
        <files mask="rpmsg_platform.h"/>
      </source>
      <source path="middleware/multicore/rpmsg_lite/lib/rpmsg_lite/porting/platform/imx8mq_m4" target_path="rpmsg_lite/porting" type="src">
        <files mask="rpmsg_platform.c"/>
      </source>
    </component>
    <component id="middleware.multicore.rpmsg_lite.imx8mq_m4_freertos.MIMX8MQ6" name="rpmsg_lite_imx8mq_m4_freertos" full_name="Remote Procedure Messaging Lite porting layer for evkmimx8mq board" type="middleware" brief="RPMsg-Lite_evkmcimx8mq_m4_porting_layer" category="Multicore/RPMsg-Lite FreeRTOS" dependency="middleware.freertos.MIMX8MQ6 middleware.multicore.rpmsg_lite.freertos.MIMX8MQ6 middleware.template_application.freertos.MIMX8MQ6" devices="MIMX8MQ6xxxJZ" version="1.2.0" user_visible="true">
      <source path="middleware/multicore/rpmsg_lite/lib/include/platform/imx8mq_m4" target_path="rpmsg_lite/porting" type="c_include">
        <files mask="rpmsg_platform.h"/>
      </source>
      <source path="middleware/multicore/rpmsg_lite/lib/rpmsg_lite/porting/platform/imx8mq_m4" target_path="rpmsg_lite/porting" type="src">
        <files mask="rpmsg_platform.c"/>
      </source>
    </component>
    <component id="middleware.baremetal.MIMX8MQ6" name="baremetal" full_name="Baremetal" type="OS" devices="MIMX8MQ6xxxJZ" version="1.0.0" user_visible="true">
      <defines>
        <define name="FSL_RTOS_BM" value=""/>
        <define name="SDK_OS_BAREMETAL" value=""/>
      </defines>
    </component>
    <component id="middleware.freertos.MIMX8MQ6" name="freertos" full_name="FreeRTOS" type="OS" brief="FreeRTOS, Real Time Operating System" dependency="middleware.template_application.freertos.MIMX8MQ6" devices="MIMX8MQ6xxxJZ" version="9.0.0" revision="3" user_visible="true">
      <defines>
        <define name="SDK_OS_FREE_RTOS" value=""/>
        <define name="FSL_RTOS_FREE_RTOS" value=""/>
      </defines>
      <source path="rtos/freertos/License" target_path="freertos/license" type="doc">
        <files mask="license.txt"/>
      </source>
      <source path="rtos/freertos/Source/include" target_path="freertos/include" type="doc">
        <files mask="stdint.readme"/>
      </source>
      <source path="rtos/freertos/Source/include" target_path="freertos/include" type="c_include">
        <files mask="croutine.h"/>
        <files mask="deprecated_definitions.h"/>
        <files mask="event_groups.h"/>
        <files mask="FreeRTOS.h"/>
        <files mask="freertos_tasks_c_additions.h"/>
        <files mask="list.h"/>
        <files mask="mpu_wrappers.h"/>
        <files mask="portable.h"/>
        <files mask="projdefs.h"/>
        <files mask="queue.h"/>
        <files mask="semphr.h"/>
        <files mask="StackMacros.h"/>
        <files mask="task.h"/>
        <files mask="timers.h"/>
      </source>
      <source path="rtos/freertos/Source/portable/IAR/ARM_CM4F" target_path="freertos/portable" device_cores="cm4_MIMX8MQ6xxxJZ" core="cm4" type="asm_include" toolchain="iar">
        <files mask="portasm.s"/>
      </source>
      <source path="rtos/freertos/Source/portable/IAR/ARM_CM4F" target_path="freertos/portable" device_cores="cm4_MIMX8MQ6xxxJZ" core="cm4" type="src" toolchain="iar">
        <files mask="fsl_tickless_systick.c"/>
        <files mask="port.c"/>
      </source>
      <source path="rtos/freertos/Source/portable/IAR/ARM_CM4F" target_path="freertos/portable" device_cores="cm4_MIMX8MQ6xxxJZ" core="cm4" type="c_include" toolchain="iar">
        <files mask="fsl_tickless_generic.h"/>
        <files mask="portmacro.h"/>
      </source>
      <source path="rtos/freertos/Source/portable" target_path="freertos/portable" type="doc">
        <files mask="readme.txt"/>
      </source>
      <source path="rtos/freertos/Source" target_path="freertos/source" type="doc">
        <files mask="readme.txt"/>
      </source>
      <source path="rtos/freertos/Source" target_path="freertos/source" type="src">
        <files mask="croutine.c"/>
        <files mask="event_groups.c"/>
        <files mask="list.c"/>
        <files mask="queue.c"/>
        <files mask="tasks.c"/>
        <files mask="timers.c"/>
      </source>
      <source path="rtos/freertos" target_path="freertos" type="doc">
        <files mask="FreeRTOS_for_MCUXpresso_SDK_v2.0.txt"/>
      </source>
    </component>
    <component id="platform.CMSIS" name="CMSIS" type="CMSIS" dependency="platform.CMSIS_Driver platform.CMSIS_Driver_Include.CAN_CMSISInclude.MIMX8MQ6 platform.CMSIS_Driver_Include.Common_CMSISInclude.MIMX8MQ6 platform.CMSIS_Driver_Include.Ethernet_CMSISInclude.MIMX8MQ6 platform.CMSIS_Driver_Include.Ethernet_MAC_CMSISInclude.MIMX8MQ6 platform.CMSIS_Driver_Include.Ethernet_PHY_CMSISInclude.MIMX8MQ6 platform.CMSIS_Driver_Include.Flash_CMSISInclude.MIMX8MQ6 platform.CMSIS_Driver_Include.I2C_CMSISInclude.MIMX8MQ6 platform.CMSIS_Driver_Include.MCI_CMSISInclude.MIMX8MQ6 platform.CMSIS_Driver_Include.NAND_CMSISInclude.MIMX8MQ6 platform.CMSIS_Driver_Include.SAI_CMSISInclude.MIMX8MQ6 platform.CMSIS_Driver_Include.SPI_CMSISInclude.MIMX8MQ6 platform.CMSIS_Driver_Include.USART_CMSISInclude.MIMX8MQ6 platform.CMSIS_Driver_Include.USB_CMSISInclude.MIMX8MQ6 platform.CMSIS_Driver_Include.USB_Device_CMSISInclude.MIMX8MQ6 platform.CMSIS_Driver_Include.USB_Host_CMSISInclude.MIMX8MQ6 platform.Include_common.MIMX8MQ6 platform.Include_core_cm4.MIMX8MQ6" version="5.0.1" user_visible="true">
      <source path="CMSIS" type="doc">
        <files mask="LICENSE.txt"/>
      </source>
      <source path="CMSIS/Include" type="c_include">
        <files mask="arm_common_tables.h"/>
        <files mask="arm_const_structs.h"/>
        <files mask="arm_math.h"/>
        <files mask="cmsis_armcc.h"/>
        <files mask="cmsis_armclang.h"/>
        <files mask="cmsis_compiler.h"/>
        <files mask="cmsis_gcc.h"/>
        <files mask="cmsis_iccarm.h"/>
        <files mask="cmsis_version.h"/>
        <files mask="core_armv8mbl.h"/>
        <files mask="core_armv8mml.h"/>
        <files mask="core_cm0.h"/>
        <files mask="core_cm0plus.h"/>
        <files mask="core_cm23.h"/>
        <files mask="core_cm3.h"/>
        <files mask="core_cm33.h"/>
        <files mask="core_cm4.h"/>
        <files mask="core_cm7.h"/>
        <files mask="core_sc000.h"/>
        <files mask="core_sc300.h"/>
        <files mask="mpu_armv7.h"/>
        <files mask="mpu_armv8.h"/>
        <files mask="tz_context.h"/>
      </source>
    </component>
    <component id="platform.CMSIS_Driver" name="CMSIS_Driver" type="CMSIS" version="5.0.1" user_visible="true">
      <source path="CMSIS/Driver/DriverTemplates" type="src">
        <files mask="Driver_CAN.c"/>
        <files mask="Driver_ETH_MAC.c"/>
        <files mask="Driver_ETH_PHY.c"/>
        <files mask="Driver_Flash.c"/>
        <files mask="Driver_I2C.c"/>
        <files mask="Driver_MCI.c"/>
        <files mask="Driver_SAI.c"/>
        <files mask="Driver_SPI.c"/>
        <files mask="Driver_Storage.c"/>
        <files mask="Driver_USART.c"/>
        <files mask="Driver_USBD.c"/>
        <files mask="Driver_USBH.c"/>
      </source>
    </component>
    <component id="platform.CMSIS_Driver_Include.CAN_CMSISInclude.MIMX8MQ6" name="CAN_CMSISInclude" type="CMSIS_driver" brief="CMSIS Driver_CAN.h" dependency="platform.CMSIS_Driver_Include.Common_CMSISInclude.MIMX8MQ6" devices="MIMX8MQ6xxxJZ" version="5.0.1" user_visible="true">
      <source path="CMSIS/Driver/Include" target_path="CMSIS_driver" type="c_include">
        <files mask="Driver_CAN.h"/>
      </source>
    </component>
    <component id="platform.CMSIS_Driver_Include.Common_CMSISInclude.MIMX8MQ6" name="Common_CMSISInclude" type="CMSIS_driver" brief="CMSIS Driver_Common.h" devices="MIMX8MQ6xxxJZ" version="5.0.1" user_visible="true">
      <source path="CMSIS/Driver/Include" target_path="CMSIS_driver" type="c_include">
        <files mask="Driver_Common.h"/>
      </source>
    </component>
    <component id="platform.CMSIS_Driver_Include.Ethernet_CMSISInclude.MIMX8MQ6" name="Ethernet_CMSISInclude" type="CMSIS_driver" brief="CMSIS Driver_ETH.h" dependency="platform.CMSIS_Driver_Include.Common_CMSISInclude.MIMX8MQ6" devices="MIMX8MQ6xxxJZ" version="5.0.1" user_visible="true">
      <source path="CMSIS/Driver/Include" target_path="CMSIS_driver" type="c_include">
        <files mask="Driver_ETH.h"/>
      </source>
    </component>
    <component id="platform.CMSIS_Driver_Include.Ethernet_MAC_CMSISInclude.MIMX8MQ6" name="Ethernet_MAC_CMSISInclude" type="CMSIS_driver" brief="CMSIS Driver_ETH_MAC.h" dependency="platform.CMSIS_Driver_Include.Common_CMSISInclude.MIMX8MQ6 platform.CMSIS_Driver_Include.Ethernet_CMSISInclude.MIMX8MQ6" devices="MIMX8MQ6xxxJZ" version="5.0.1" user_visible="true">
      <source path="CMSIS/Driver/Include" target_path="CMSIS_driver" type="c_include">
        <files mask="Driver_ETH_MAC.h"/>
      </source>
    </component>
    <component id="platform.CMSIS_Driver_Include.Ethernet_PHY_CMSISInclude.MIMX8MQ6" name="Ethernet_PHY_CMSISInclude" type="CMSIS_driver" brief="CMSIS Driver_ETH_PHY.h" dependency="platform.CMSIS_Driver_Include.Common_CMSISInclude.MIMX8MQ6 platform.CMSIS_Driver_Include.Ethernet_CMSISInclude.MIMX8MQ6" devices="MIMX8MQ6xxxJZ" version="5.0.1" user_visible="true">
      <source path="CMSIS/Driver/Include" target_path="CMSIS_driver" type="c_include">
        <files mask="Driver_ETH_PHY.h"/>
      </source>
    </component>
    <component id="platform.CMSIS_Driver_Include.Flash_CMSISInclude.MIMX8MQ6" name="Flash_CMSISInclude" type="CMSIS_driver" brief="CMSIS Driver_Flash.h" dependency="platform.CMSIS_Driver_Include.Common_CMSISInclude.MIMX8MQ6" devices="MIMX8MQ6xxxJZ" version="5.0.1" user_visible="true">
      <source path="CMSIS/Driver/Include" target_path="CMSIS_driver" type="c_include">
        <files mask="Driver_Flash.h"/>
      </source>
    </component>
    <component id="platform.CMSIS_Driver_Include.I2C_CMSISInclude.MIMX8MQ6" name="I2C_CMSISInclude" type="CMSIS_driver" brief="CMSIS Driver_I2C.h" dependency="platform.CMSIS_Driver_Include.Common_CMSISInclude.MIMX8MQ6" devices="MIMX8MQ6xxxJZ" version="5.0.1" user_visible="true">
      <source path="CMSIS/Driver/Include" target_path="CMSIS_driver" type="c_include">
        <files mask="Driver_I2C.h"/>
      </source>
    </component>
    <component id="platform.CMSIS_Driver_Include.MCI_CMSISInclude.MIMX8MQ6" name="MCI_CMSISInclude" type="CMSIS_driver" brief="CMSIS Driver_MCI.h" dependency="platform.CMSIS_Driver_Include.Common_CMSISInclude.MIMX8MQ6" devices="MIMX8MQ6xxxJZ" version="5.0.1" user_visible="true">
      <source path="CMSIS/Driver/Include" target_path="CMSIS_driver" type="c_include">
        <files mask="Driver_MCI.h"/>
      </source>
    </component>
    <component id="platform.CMSIS_Driver_Include.NAND_CMSISInclude.MIMX8MQ6" name="NAND_CMSISInclude" type="CMSIS_driver" brief="CMSIS Driver_NAND.h" dependency="platform.CMSIS_Driver_Include.Common_CMSISInclude.MIMX8MQ6" devices="MIMX8MQ6xxxJZ" version="5.0.1" user_visible="true">
      <source path="CMSIS/Driver/Include" target_path="CMSIS_driver" type="c_include">
        <files mask="Driver_NAND.h"/>
      </source>
    </component>
    <component id="platform.CMSIS_Driver_Include.SAI_CMSISInclude.MIMX8MQ6" name="SAI_CMSISInclude" type="CMSIS_driver" brief="CMSIS Driver_SAI.h" dependency="platform.CMSIS_Driver_Include.Common_CMSISInclude.MIMX8MQ6" devices="MIMX8MQ6xxxJZ" version="5.0.1" user_visible="true">
      <source path="CMSIS/Driver/Include" target_path="CMSIS_driver" type="c_include">
        <files mask="Driver_SAI.h"/>
      </source>
    </component>
    <component id="platform.CMSIS_Driver_Include.SPI_CMSISInclude.MIMX8MQ6" name="SPI_CMSISInclude" type="CMSIS_driver" brief="CMSIS Driver_SPI.h" dependency="platform.CMSIS_Driver_Include.Common_CMSISInclude.MIMX8MQ6" devices="MIMX8MQ6xxxJZ" version="5.0.1" user_visible="true">
      <source path="CMSIS/Driver/Include" target_path="CMSIS_driver" type="c_include">
        <files mask="Driver_SPI.h"/>
      </source>
    </component>
    <component id="platform.CMSIS_Driver_Include.USART_CMSISInclude.MIMX8MQ6" name="USART_CMSISInclude" type="CMSIS_driver" brief="CMSIS Driver_USART.h" dependency="platform.CMSIS_Driver_Include.Common_CMSISInclude.MIMX8MQ6" devices="MIMX8MQ6xxxJZ" version="5.0.1" user_visible="true">
      <source path="CMSIS/Driver/Include" target_path="CMSIS_driver" type="c_include">
        <files mask="Driver_USART.h"/>
      </source>
    </component>
    <component id="platform.CMSIS_Driver_Include.USB_CMSISInclude.MIMX8MQ6" name="USB_CMSISInclude" type="CMSIS_driver" brief="CMSIS Driver_USB.h" dependency="platform.CMSIS_Driver_Include.Common_CMSISInclude.MIMX8MQ6" devices="MIMX8MQ6xxxJZ" version="5.0.1" user_visible="true">
      <source path="CMSIS/Driver/Include" target_path="CMSIS_driver" type="c_include">
        <files mask="Driver_USB.h"/>
      </source>
    </component>
    <component id="platform.CMSIS_Driver_Include.USB_Device_CMSISInclude.MIMX8MQ6" name="USB_Device_CMSISInclude" type="CMSIS_driver" brief="CMSIS Driver_USBD.h" dependency="platform.CMSIS_Driver_Include.Common_CMSISInclude.MIMX8MQ6 platform.CMSIS_Driver_Include.USB_CMSISInclude.MIMX8MQ6" devices="MIMX8MQ6xxxJZ" version="5.0.1" user_visible="true">
      <source path="CMSIS/Driver/Include" target_path="CMSIS_driver" type="c_include">
        <files mask="Driver_USBD.h"/>
      </source>
    </component>
    <component id="platform.CMSIS_Driver_Include.USB_Host_CMSISInclude.MIMX8MQ6" name="USB_Host_CMSISInclude" type="CMSIS_driver" brief="CMSIS Driver_USBH.h" dependency="platform.CMSIS_Driver_Include.Common_CMSISInclude.MIMX8MQ6 platform.CMSIS_Driver_Include.USB_CMSISInclude.MIMX8MQ6" devices="MIMX8MQ6xxxJZ" version="5.0.1" user_visible="true">
      <source path="CMSIS/Driver/Include" target_path="CMSIS_driver" type="c_include">
        <files mask="Driver_USBH.h"/>
      </source>
    </component>
    <component id="platform.Include_common.MIMX8MQ6" name="Include_common" type="CMSIS_Include" devices="MIMX8MQ6xxxJZ" version="5.0.1" user_visible="true">
      <source path="CMSIS/Include" type="c_include">
        <files mask="arm_common_tables.h"/>
        <files mask="arm_const_structs.h"/>
        <files mask="arm_math.h"/>
        <files mask="cmsis_armcc.h"/>
        <files mask="cmsis_armclang.h"/>
        <files mask="cmsis_compiler.h"/>
        <files mask="cmsis_gcc.h"/>
        <files mask="cmsis_iccarm.h"/>
        <files mask="cmsis_version.h"/>
        <files mask="core_armv8mbl.h"/>
        <files mask="core_armv8mml.h"/>
        <files mask="mpu_armv7.h"/>
        <files mask="mpu_armv8.h"/>
      </source>
    </component>
    <component id="platform.Include_core_cm4.MIMX8MQ6" name="Include_core_cm4" type="CMSIS_Include" device_cores="cm4_MIMX8MQ6xxxJZ" core="cm4" dependency="platform.Include_common.MIMX8MQ6" devices="MIMX8MQ6xxxJZ" version="5.0.1" user_visible="true">
      <source path="CMSIS/Include" type="c_include">
        <files mask="core_cm4.h"/>
      </source>
    </component>
    <component id="platform.devices.MIMX8MQ6_CMSIS.MIMX8MQ6" name="MIMX8MQ6_CMSIS" type="CMSIS_Include" device_cores="cm4_MIMX8MQ6xxxJZ" core="cm4" dependency="platform.Include_common.MIMX8MQ6 platform.Include_core_cm4.MIMX8MQ6" devices="MIMX8MQ6xxxJZ" version="1.0.0" user_visible="true">
      <source path="devices/MIMX8MQ6" type="src">
        <files mask="system_MIMX8MQ6_cm4.c"/>
      </source>
      <source path="devices/MIMX8MQ6" type="c_include">
        <files mask="fsl_device_registers.h"/>
        <files mask="MIMX8MQ6_cm4.h"/>
        <files mask="MIMX8MQ6_cm4_features.h"/>
        <files mask="system_MIMX8MQ6_cm4.h"/>
      </source>
    </component>
    <component id="platform.drivers.ecspi_cmsis.MIMX8MQ6" name="ecspi_cmsis" type="CMSIS_driver" brief="ECSPI CMSIS Driver" category="Device/SDK CMSIS Drivers" device_cores="cm4_MIMX8MQ6xxxJZ" core="cm4" dependency="RTE_Device.MIMX8MQ6 platform.CMSIS_Driver_Include.Common_CMSISInclude.MIMX8MQ6 platform.CMSIS_Driver_Include.SPI_CMSISInclude.MIMX8MQ6 platform.Include_common.MIMX8MQ6 platform.Include_core_cm4.MIMX8MQ6 platform.devices.MIMX8MQ6_CMSIS.MIMX8MQ6 platform.drivers.clock.MIMX8MQ6 platform.drivers.common.MIMX8MQ6 platform.drivers.ecspi.MIMX8MQ6" devices="MIMX8MQ6xxxJZ" version="2.0.0" user_visible="true">
      <source path="devices/MIMX8MQ6/cmsis_drivers" target_path="drivers" type="src">
        <files mask="fsl_ecspi_cmsis.c"/>
      </source>
      <source path="devices/MIMX8MQ6/cmsis_drivers" target_path="drivers" type="c_include">
        <files mask="fsl_ecspi_cmsis.h"/>
      </source>
    </component>
    <component id="platform.drivers.ii2c_cmsis.MIMX8MQ6" name="i2c_cmsis" type="CMSIS_driver" brief="I2C CMSIS Driver" category="Device/SDK CMSIS Drivers" dependency="RTE_Device.MIMX8MQ6 platform.CMSIS_Driver_Include.Common_CMSISInclude.MIMX8MQ6 platform.CMSIS_Driver_Include.I2C_CMSISInclude.MIMX8MQ6 platform.drivers.ii2c.MIMX8MQ6" devices="MIMX8MQ6xxxJZ" version="2.0.0" user_visible="true">
      <source path="devices/MIMX8MQ6/cmsis_drivers" target_path="drivers" type="src">
        <files mask="fsl_i2c_cmsis.c"/>
      </source>
      <source path="devices/MIMX8MQ6/cmsis_drivers" target_path="drivers" type="c_include">
        <files mask="fsl_i2c_cmsis.h"/>
      </source>
    </component>
    <component id="platform.drivers.iuart_cmsis.MIMX8MQ6" name="uart_cmsis" type="CMSIS_driver" brief="UART CMSIS Driver" category="Device/SDK CMSIS Drivers" dependency="RTE_Device.MIMX8MQ6 platform.CMSIS_Driver_Include.Common_CMSISInclude.MIMX8MQ6 platform.CMSIS_Driver_Include.USART_CMSISInclude.MIMX8MQ6 platform.drivers.iuart.MIMX8MQ6" devices="MIMX8MQ6xxxJZ" version="2.0.0" user_visible="true">
      <source path="devices/MIMX8MQ6/cmsis_drivers" target_path="drivers" type="src">
        <files mask="fsl_uart_cmsis.c"/>
      </source>
      <source path="devices/MIMX8MQ6/cmsis_drivers" target_path="drivers" type="c_include">
        <files mask="fsl_uart_cmsis.h"/>
      </source>
    </component>
    <component id="platform.devices.MIMX8MQ6_linker.MIMX8MQ6" name="MIMX8MQ6_linker" type="linker" devices="MIMX8MQ6xxxJZ" version="1.0.0" user_visible="true">
      <source path="devices/MIMX8MQ6/iar" type="linker" toolchain="iar">
        <files mask="MIMX8MQ6xxxJZ_cm4_ddr_ram.icf"/>
        <files mask="MIMX8MQ6xxxJZ_cm4_ram.icf"/>
      </source>
    </component>
    <component id="platform.devices.MIMX8MQ6_startup.MIMX8MQ6" name="MIMX8MQ6_startup" type="startup" devices="MIMX8MQ6xxxJZ" version="1.0.0" user_visible="true">
      <source path="devices/MIMX8MQ6/iar" type="asm_include" toolchain="iar">
        <files mask="startup_MIMX8MQ6_cm4.s"/>
      </source>
    </component>
    <component id="RTE_Device.MIMX8MQ6" name="RTE_Device" type="project_template" category="Device/SDK Project Template" devices="MIMX8MQ6xxxJZ" version="1.0.0" user_visible="true">
      <source path="devices/MIMX8MQ6/template" target_path="board" type="c_include">
        <files mask="RTE_Device.h"/>
      </source>
    </component>
    <component id="middleware.template_application.freertos.MIMX8MQ6" name="freertos" full_name="FreeRTOS template" type="project_template" brief="FreeRTOS template application" category="Operating System/FreeRTOS Operating System" dependency="middleware.freertos.MIMX8MQ6" devices="MIMX8MQ6xxxJZ" version="9.0.0" user_visible="true">
      <source path="rtos/freertos/Source/portable/MemMang" target_path="freertos/portable" type="src">
        <files mask="heap_4.c"/>
      </source>
      <source path="rtos/freertos/Source/portable/MemMang" target_path="freertos/portable" exclude="true" type="src">
        <files mask="heap_1.c"/>
        <files mask="heap_2.c"/>
        <files mask="heap_3.c"/>
        <files mask="heap_5.c"/>
      </source>
      <source path="rtos/freertos/template_application/ARM_CM4F" target_path="source" device_cores="cm4_MIMX8MQ6xxxJZ" core="cm4" type="c_include">
        <files mask="FreeRTOSConfig.h"/>
      </source>
    </component>
    <component id="platform.devices.MIMX8MQ6_debugger.MIMX8MQ6" name="MIMX8MQ6_debugger" type="debugger" devices="MIMX8MQ6xxxJZ" version="1.0.0" user_visible="true">
      <source path="devices/MIMX8MQ6" device_cores="cm4_MIMX8MQ6xxxJZ" core="cm4" type="xml">
        <files mask="MIMX8MQ6.xml"/>
      </source>
      <source path="devices/MIMX8MQ6/debug" type="other">
        <files mask="iMX8MQ.sdf"/>
      </source>
    </component>
    <component id="project_template.MIMX8MQ6.MIMX8MQ6" name="MIMX8MQ6" type="project_template" category="Board Support/SDK Project Template" device_cores="cm4_MIMX8MQ6xxxJZ" core="cm4" dependency="platform.Include_common.MIMX8MQ6 platform.Include_core_cm4.MIMX8MQ6 platform.devices.MIMX8MQ6_CMSIS.MIMX8MQ6 platform.devices.MIMX8MQ6_startup.MIMX8MQ6 platform.drivers.clock.MIMX8MQ6 platform.drivers.common.MIMX8MQ6 platform.drivers.iuart.MIMX8MQ6 platform.drivers.rdc.MIMX8MQ6 platform.utilities.debug_console.MIMX8MQ6" devices="MIMX8MQ6xxxJZ" version="1.0.0" user_visible="true">
      <source path="devices/MIMX8MQ6/project_template" type="src">
        <files mask="board.c"/>
        <files mask="clock_config.c"/>
        <files mask="peripherals.c"/>
        <files mask="pin_mux.c"/>
      </source>
      <source path="devices/MIMX8MQ6/project_template" type="c_include">
        <files mask="board.h"/>
        <files mask="clock_config.h"/>
        <files mask="fsl_iomuxc.h"/>
        <files mask="peripherals.h"/>
        <files mask="pin_mux.h"/>
      </source>
    </component>
    <component id="project_template.evkmimx8mq.MIMX8MQ6" name="evkmimx8mq" type="project_template" category="Board Support/SDK Project Template" device_cores="cm4_MIMX8MQ6xxxJZ" core="cm4" dependency="platform.Include_common.MIMX8MQ6 platform.Include_core_cm4.MIMX8MQ6 platform.devices.MIMX8MQ6_CMSIS.MIMX8MQ6 platform.devices.MIMX8MQ6_startup.MIMX8MQ6 platform.drivers.clock.MIMX8MQ6 platform.drivers.common.MIMX8MQ6 platform.drivers.iuart.MIMX8MQ6 platform.drivers.rdc.MIMX8MQ6 platform.utilities.debug_console.MIMX8MQ6" devices="MIMX8MQ6xxxJZ" version="1.0.0" user_visible="true">
      <source path="boards/evkmimx8mq/project_template" type="src">
        <files mask="board.c"/>
        <files mask="clock_config.c"/>
        <files mask="peripherals.c"/>
        <files mask="pin_mux.c"/>
      </source>
      <source path="boards/evkmimx8mq/project_template" type="c_include">
        <files mask="board.h"/>
        <files mask="clock_config.h"/>
        <files mask="fsl_iomuxc.h"/>
        <files mask="peripherals.h"/>
        <files mask="pin_mux.h"/>
      </source>
    </component>
    <component id="docs.MIMX8MQ6.MIMX8MQ6" name="MIMX8MQ6" type="documentation" devices="MIMX8MQ6xxxJZ" version="1.0.0" user_visible="true">
      <source path="docs" type="doc">
        <files mask="Getting Started with MCUXpresso SDK i.MX 8M Devices.pdf"/>
        <files mask="MCUXpresso SDK Release Notes for i.MX 8M Devices.pdf"/>
      </source>
    </component>
    </components>
</ksdk:manifest>