<?xml version="1.0" encoding="UTF-8"?>
<ksdk:examples xmlns:ksdk="http://nxp.com/ksdk/2.0/ksdk_manifest_v3.0.xsd" xmlns:xsi="http://www.w3.org/2001/XMLSchema-instance" xsi:schemaLocation="http://nxp.com/ksdk/2.0/ksdk_manifest_v3.0.xsd manifest.xsd">
  <externalDefinitions>
    <definition extID="com.nxp.mcuxpresso"/>
    <definition extID="platform.devices.MIMX8MQ6_CMSIS.MIMX8MQ6"/>
    <definition extID="platform.devices.MIMX8MQ6_startup.MIMX8MQ6"/>
    <definition extID="platform.drivers.clock.MIMX8MQ6"/>
    <definition extID="platform.drivers.common.MIMX8MQ6"/>
    <definition extID="platform.drivers.ii2c.MIMX8MQ6"/>
    <definition extID="platform.drivers.iuart.MIMX8MQ6"/>
    <definition extID="platform.drivers.rdc.MIMX8MQ6"/>
    <definition extID="platform.utilities.assert.MIMX8MQ6"/>
    <definition extID="platform.utilities.debug_console.MIMX8MQ6"/>
    <definition extID="iar"/>
    <definition extID="mdk"/>
    <definition extID="kds"/>
    <definition extID="atl"/>
    <definition extID="mcuxpresso"/>
    <definition extID="armgcc"/>
  </externalDefinitions>
  <example id="evkmimx8mq_ii2c_polling_b2b_transfer_master" name="ii2c_polling_b2b_transfer_master" category="driver_examples/i2c" dependency="platform.drivers.clock.MIMX8MQ6 platform.drivers.common.MIMX8MQ6 platform.drivers.rdc.MIMX8MQ6 platform.devices.MIMX8MQ6_CMSIS.MIMX8MQ6 platform.utilities.debug_console.MIMX8MQ6 platform.devices.MIMX8MQ6_startup.MIMX8MQ6 platform.drivers.iuart.MIMX8MQ6 platform.utilities.assert.MIMX8MQ6 platform.drivers.ii2c.MIMX8MQ6" toolchain="iar armgcc">
    <projects>
      <project type="com.crt.advproject.projecttype.exe" nature="org.eclipse.cdt.core.cnature"/>
    </projects>
    <toolchainSettings>
      <!-- Curently, mcux just supports one common settings set for both debug and release -->
      <toolchainSetting id_refs="com.nxp.mcuxpresso">
        <!-- asm compiler -->
        <!-- gcc compiler -->
        <option id="com.crt.advproject.c.misc.dialect" type="enum">
          <value>com.crt.advproject.misc.dialect.gnu99</value>
        </option>
        <option id="com.crt.advproject.gcc.exe.debug.option.debugging.level" type="enum">
          <value>gnu.c.debugging.level.default</value>
        </option>
        <option id="com.crt.advproject.gcc.exe.release.option.debugging.level" type="enum">
          <value>gnu.c.debugging.level.default</value>
        </option>
        <option id="gnu.c.compiler.option.preprocessor.def.symbols" type="stringList">
          <value>CPU_MIMX8MQ6DVAJZ</value>
        </option>
        <option id="gnu.c.compiler.option.optimization.flags" type="string">
          <value>-fno-common</value>
        </option>
        <option id="gnu.c.compiler.option.misc.other" type="string">
          <value>-c  -ffunction-sections  -fdata-sections  -ffreestanding  -fno-builtin</value>
        </option>
        <!-- gcc linker -->
        <option id="gnu.c.link.option.nostdlibs" type="boolean">
          <value>true</value>
        </option>
        <option id="gnu.c.link.option.other" type="stringList">
          <value>--gc-sections</value>
        </option>
      </toolchainSetting>
    </toolchainSettings>
    <source path="boards/evkmimx8mq/driver_examples/i2c/polling_b2b_transfer/master" target_path="board" type="c_include">
      <files mask="board.h"/>
      <files mask="clock_config.h"/>
      <files mask="fsl_iomuxc.h"/>
      <files mask="pin_mux.h"/>
    </source>
    <source path="boards/evkmimx8mq/driver_examples/i2c/polling_b2b_transfer/master" target_path="board" type="src">
      <files mask="board.c"/>
      <files mask="clock_config.c"/>
      <files mask="pin_mux.c"/>
    </source>
    <source path="boards/evkmimx8mq/driver_examples/i2c/polling_b2b_transfer/master" target_path="doc" type="doc" toolchain="iar mdk kds atl mcuxpresso">
      <files mask="readme.txt"/>
    </source>
    <source path="boards/evkmimx8mq/driver_examples/i2c/polling_b2b_transfer/master" target_path="source" type="src">
      <files mask="i2c_polling_b2b_transfer_master.c"/>
    </source>
  </example>
</ksdk:examples>
